{"cameraMode":{"drawMode":0,"name":"Shaded","section":"Shading Mode"},"sceneLighting":true,"audioPlay":false,"sceneViewState":{"showFog":true,"showMaterialUpdate":false,"showSkybox":true,"showFlares":true,"showImageEffects":true,"showParticleSystems":true},"in2DMode":false,"pivot":{"x":1007.574462890625,"y":408.05523681640627,"z":-85.29269409179688},"rotation":{"x":0.07971929758787155,"y":-0.011966310441493988,"z":0.0009570817928761244,"w":0.9967458844184876},"size":194.78733825683595,"orthographic":false}