{"cameraMode":{"drawMode":0,"name":"Shaded","section":"Shading Mode"},"sceneLighting":true,"audioPlay":false,"sceneViewState":{"showFog":true,"showMaterialUpdate":false,"showSkybox":true,"showFlares":true,"showImageEffects":true,"showParticleSystems":true},"in2DMode":false,"pivot":{"x":367.3074645996094,"y":96.61083984375,"z":658.74169921875},"rotation":{"x":-0.12298984080553055,"y":-0.011315925978124142,"z":0.001402786816470325,"w":-0.9923452734947205},"size":708.1967163085938,"orthographic":false}